<?xml version="1.0" encoding="UTF-8"?>
<beans xmlns="http://www.springframework.org/schema/beans"
	xmlns:mvc="http://www.springframework.org/schema/mvc" xmlns:context="http://www.springframework.org/schema/context"
	xmlns:xsi="http://www.w3.org/2001/XMLSchema-instance"
	xsi:schemaLocation="
        http://www.springframework.org/schema/beans     
        http://www.springframework.org/schema/beans/spring-beans.xsd
        http://www.springframework.org/schema/mvc 
        http://www.springframework.org/schema/mvc/spring-mvc.xsd
        http://www.springframework.org/schema/context 
        http://www.springframework.org/schema/context/spring-context.xsd">
        
        
        <context:component-scan base-package="com.books.*" />
 
	<bean  class="org.springframework.web.servlet.view.InternalResourceViewResolver">			
		<property name="prefix" value="/jsp/" />
		<property name="suffix" value=".jsp" />
	</bean>
	 <bean id="mutltipartResolver" class="org.springframework.web.multipart.commons.CommonsMultipartResolver">
	<property name="maxUploadSize" value="100000"/>
	</bean>
 <mvc:resources location="/WEB-INF/bootstrap-3.3.6-dist/" mapping="/bootstrapcss/**"></mvc:resources>
 <mvc:resources location="/images/" mapping="/images/**"></mvc:resources>
 <mvc:annotation-driven></mvc:annotation-driven>
</beans>